{
  "_comment": "Build with `packer build -var-file=debian8-i386.json debian.json`",
  "vm_name": "debian8-i386",
  "cpus": "1",
  "disk_size": "65536",
  "iso_checksum": "ba6ffe2abc76696bca755cbd68c2b8bc651f80e4",
  "iso_checksum_type": "sha1",
  "iso_name": "debian-8.10.0-i386-DVD-1.iso",
  "iso_url": "https://cdimage.debian.org/mirror/cdimage/archive/8.10.0/i386/iso-dvd/debian-8.10.0-i386-DVD-1.iso",
  "memory": "512",
  "preseed": "preseed-jessie.cfg",
  "virtualbox_guest_os_type": "Debian",
  "vmware_guest_os_type": "debian8"
}
