{
  "_comment": "Build with `packer build -var-file=debian8-desktop.json debian.json`",
  "vm_name": "debian8-desktop",
  "desktop": "true",
  "cpus": "1",
  "disk_size": "65536",
  "iso_checksum": "a2e3bf4dfce4a1fd6756049cb272d7f5e86bf0da",
  "iso_checksum_type": "sha1",
  "iso_name": "debian-8.10.0-amd64-DVD-1.iso",
  "iso_url": "https://cdimage.debian.org/mirror/cdimage/archive/8.10.0/amd64/iso-dvd/debian-8.10.0-amd64-DVD-1.iso",
  "memory": "1024",
  "preseed" : "preseed-jessie.cfg",
  "vagrantfile_template": "tpl/vagrantfile-debian-desktop.tpl"
}
