{
  "_comment": "Build with `packer build -var-file=debian9-desktop.json debian.json`",
  "vm_name": "debian9-desktop",
  "desktop": "true",
  "cpus": "1",
  "disk_size": "65536",
  "iso_checksum": "345c4e674dc10476e8c4f1571fbcdba4ce9788aa5584c5e2590ab3e89e7bb9acb370536f41a3ac740eb92b6aebe3cb8eb9734874dd1658c68875981b8351bc38",
  "iso_checksum_type": "sha512",
  "iso_name": "debian-9.4.0-amd64-netinst.iso",
  "iso_url": "https://cdimage.debian.org/debian-cd/current/amd64/iso-cd/debian-9.4.0-amd64-netinst.iso",
  "memory": "1024",
  "preseed" : "preseed-jessie.cfg",
  "vagrantfile_template": "tpl/vagrantfile-debian-desktop.tpl",
  "headless": "false"
}
