{
  "_comment": "Build with `packer build -var-file=debian9-i386.json debian.json`",
  "vm_name": "debian9-i386",
  "cpus": "1",
  "disk_size": "65536",
  "iso_checksum": "8ecdc0c76f8d55a7d3e57007909449b10b0353b4f4867b9a0caab47f5c5d31a651ab91221e4d908662b74033545eeda885ea8c009213c844bc0ce2447d7d06cc",
  "iso_checksum_type": "sha512",
  "iso_name": "debian-9.4.0-i386-netinst.iso",
  "iso_url": "https://cdimage.debian.org/debian-cd/current/i386/iso-cd/debian-9.4.0-i386-netinst.iso",
  "memory": "512",
  "preseed": "preseed-jessie.cfg",
  "virtualbox_guest_os_type": "Debian",
  "vmware_guest_os_type": "debian9"
}
